Unnamed: 0,ID,vegetation,climate,STICinst,BESSinst,MOD16inst,PTJPLSMinst,ETinst,ETinstUncertainty,PET,Rn,ESI,RH,Ta,LST,SM,NDVI,NDVI-UQ,albedo,albedo-UQ,LST_err,view_zenith,Rg,EmisWB,time_utc,solar_time,solar_hour,local_time,LE,LE_filt,LEcorr25,LEcorr50,LEcorr75,LEcorr_ann,H_filt,Hcorr25,Hcorr50,Hcorr75,Hcorr_ann,NETRAD_filt,G_filt,SM_surf,SM_rz,AirTempC,SW_IN,RH_percentage,ESIrn_STIC,ESIrn_PTJPLSM,ESIrn_MOD16,ESIrn_BESS,ESIrn_Unc_ECO,ESIrn_LEcorr50,JET,eco_time_utc,Site Name,Date-Time,Site ID,Name,Lat,Long,Elev,Clim,Veg,MAT,MAP,StartDate,EndDate,LE_count,closure_ratio,geometry,elevation_m,time_UTC,ST_K,ST_C,Ta_C,SWin_Wm2,emissivity,orbit,scene,tile,insitu_LE_Wm2,insitu_H_Wm2,insitu_Rn_Wm2,insitu_G_Wm2,insitu_SWin_Wm2,insitu_Ta_C,insitu_RH,insitu_Rn_daylight_Wm2,insitu_LE_daylight_Wm2,insitu_ET_daylight_kg,date_UTC,SZA_deg,KG_climate,COT,AOT,vapor_gccm,ozone_cm,name,NDVI_minimum,NDVI_maximum,C4_fraction,carbon_uptake_efficiency,kn,peakVCmax_C3,peakVCmax_C4,ball_berry_slope_C3,ball_berry_slope_C4,ball_berry_intercept_C3,CI,canopy_height_meters,day_of_year,hour_of_day,lat,lon,wind_speed_mps,PAR_albedo,NIR_albedo,elevation_km,Ca,Rn_Wm2,IGBP,gl_sh,gl_e_wv,RBL_min,RBL_max,CL,Tmin_open,Tmin_closed,VPD_open,VPD_closed,Tmin_C,Topt_C,fAPARmax,field_capacity,wilting_point,SWin_TOA_Wm2,SWin_FLiES_ANN_raw,UV_Wm2,PAR_Wm2,NIR_Wm2,PAR_diffuse_Wm2,NIR_diffuse_Wm2,PAR_direct_Wm2,NIR_direct_Wm2,Rn_BESS_Wm2,LE_BESS_Wm2,ET_daylight_BESS_kg,EF_BESS,Rn_daily_BESS,LE_daily_BESS,GPP_inst_umol_m2_s,AuxiliaryNWP,Rn_verma_Wm2,LE_STIC_Wm2,ET_daylight_STIC_kg,LE_canopy_STIC_Wm2,G_STIC_Wm2,LE_canopy_fraction_STIC,EF_STIC,LE_PTJPLSM_Wm2,ET_daylight_PTJPLSM_kg,G_PTJPLSM,EF_PTJPLSM,LE_canopy_PTJPLSM_Wm2,LE_canopy_fraction_PTJPLSM,LE_soil_PTJPLSM_Wm2,LE_soil_fraction_PTJPLSM,LE_interception_PTJPLSM_Wm2,LE_interception_fraction_PTJPLSM,PET_instantaneous_PTJPLSM_Wm2,ESI_PTJPLSM,LE_PMJPL_Wm2,ET_daylight_PMJPL_kg,G_PMJPL_Wm2,G_Wm2,LE_instantaneous_Wm2,LE_Wm2,H_Wm2,ET_daylight_kg,ET_uncertainty,GPP_inst_g_m2_s,ET_canopy_inst_kg_m2_s,WUE
43,US-Me6,ENF,Csb,124.91836,116.59763,228.62303,105.7453,197.3708038330078,48.80536,151.06631,242.59915,0.6999926,0.5709,14.403028,292.14,0.1383452,0.4933433,0.02617419,0.18874058,0.011141093,1.12,6.660177,433.14136,0.976,2019-07-06 15:30:00,2019-07-06 07:30:41,7.0,2019-07-06 07:30:00,10.5546,10.5546,12.494323134167182,14.952468905148098,19.52065412841001,12.806841170992378,78.7225,93.19011169816724,111.52442853215858,145.5966777162334,95.5210575562738,245.0,15.286625,0.0692486,0.115765294117647,16.2429,404.6667,0.5434329999999999,0.5149167258005645,0.435884874287482,0.9423900702042856,0.4806184605345896,0.2011769620792158,0.061030485327135,120.757995,2019-07-06 15:30:41,US-Me6,2019-07-06 15:30:41,US-Me6,Metolius Young Pine Burn,44.3233,-121.6078,998.0,Csb,ENF,7.59,494.0,10/1/18 08:00,12/31/22 08:00,56728,0.81,POINT (-121.6078 44.3233),998.0,2019-07-06T15:30:41Z,292.14,18.99000000000001,14.403028,501.40112,0.976,5670,1,10TFQ,14.952468905148098,111.52442853215858,245.0,15.286625,404.6667,16.2429,0.5434329999999999,213.92867757784728,13.925013723742534,0.3116095647336333,7/6/19,59.49361985,4,0.090210006,0.090284743,1.343070388,0.355688865,Metolius Young Pine Burn,0.2429099942186521,0.7695289404153574,0.0003239199591024,0.0799999982118606,0.4099999964237213,113.49030088098708,113.49030088098708,7.499999999999998,4.202784638455812,0.0094289735507361,0.2470588235294117,9.92549467075966,187,7.392813333333333,44.3233,-121.6078,1.519843642282156,0.0611564283476571,0.2827656164970517,0.998,400,302.6346311125766,8.0,0.08,0.08,25.0,45.0,0.0065,11.39,-8.0,650.0,3500.0,4.253108,0.0,0.4851,0.28,0.11,654.70776,501.40112,27.76993,223.09874,250.99425,44.9106,48.315086,178.18814,202.67917,283.1929057525946,111.02239057974819,2.5135089288248538,0.4542343702923358,247.2778931717571,112.32211809208859,8.498069350984132,,302.6346311125766,157.65502810597417,3.39623358455806,59.837240075840256,28.131711625169647,0.3795453960124776,0.5743291488497511,140.00418520098475,3.015995883357765,28.131711625169647,0.5100280370876258,89.58459063450792,0.6398708046184737,37.831694623249625,0.2702183121807385,12.587899943227194,0.08991088320078773,212.88636950000526,0.6576474836308451,89.5535890799804,1.9291798714259727,28.131711625169647,28.131711625169647,125.51328789036647,125.51328789036647,148.98963159704044,2.7647524060913096,0.5506321795817846,0.0001020703109746704,3.6565139034493025e-05,2.791465140564195
518,US-Syv,MF,Dfb,258.901,165.961,425.05508,253.53801,81.89962768554688,92.89867,320.08853,426.91385,0.7901187,0.42554584,19.569798,293.3,0.15031585,0.7465842,0.019430397,0.3,0.03,1.08,24.889,734.87,0.976,2020-06-14 20:30:00,2020-06-14 14:19:04,14.0,2020-06-14 14:30:00,160.5281,160.5281,187.2328313826953,232.6886466350768,291.6875548542037,222.54218773979505,256.3798,299.02998829070515,371.62757602296216,465.85486887348554,355.4226430406334,573.3156,25.40784,0.2832429,0.2850952,19.344855,827.8076,0.28943835,0.6064478816979116,0.5938856516367412,0.9956460302236622,0.3887458792915713,0.2176051913049904,0.4058648441365921,256.219505,2020-06-14 20:19:04,US-Syv,2020-06-14 20:19:04,US-Syv,Sylvania Wilderness Area,46.242,-89.3477,540.0,Dfb,MF,3.81,826.0,10/1/18 06:00,1/1/24 06:00,24839,0.68,POINT (-89.3477 46.242),540.0,2020-06-14T20:19:04Z,293.3,20.15000000000003,19.569798,855.4579,0.976,11008,4,15TYM,232.6886466350768,371.62757602296216,573.3156,25.40784,827.8076,19.344855,0.28943835,328.6257511635417,139.56269078517892,3.1911488308294076,6/14/20,36.55964696,4,0.0,0.053416081,1.136274815,0.320846877,Sylvania Wilderness Area,0.0909669048132113,0.8784962886274448,0.0093267310676935,0.0799999982118606,0.4099999964237212,72.02047511228062,72.02047511228062,7.499999999999998,4.999999999999999,0.0049999998882412,0.2627450980392157,22.032710264511717,166,14.360153333333333,46.242,-89.3477,1.7217844429734377,0.0708818385872469,0.5297235395419349,0.54,400,510.84689048121527,5.0,0.04,0.04,65.0,95.0,0.0025,9.5,-7.0,650.0,2900.0,16.642328,0.0,0.4913,0.25,0.1,1037.2639,855.4579,53.123165,379.10135,424.16663,44.635212,10.337174,334.46613,413.82944,514.4075144438201,140.61118594281967,2.0768491560781612,0.3080435304420688,294.85950816316665,90.82956387899385,16.338173483037902,,510.84689048121527,359.50657489008006,5.146031664406596,179.05942505106214,43.10022990590853,0.4980699590982723,0.7685924992984527,329.1627999367127,4.71168626536793,43.10022990590853,0.7037202564564708,272.03968872002616,0.8264593956921333,46.18965473651776,0.1403246501287464,10.933456480168799,0.03321595417912032,401.1644484489282,0.8205183714793163,167.94865774113688,2.4040425713903253,43.10022990590853,43.10022990590853,248.55572883892478,248.55572883892478,219.19093173638197,3.5578644183791273,1.3578862922568338,0.00019623780170476826,0.000111036607640827,1.767325262129259
129,US-Whs,OSH,Bsk,216.64574,0.0,181.39954,89.48386,173.85113525390625,84.27647,363.41992,535.74243,0.24622716,0.30134624,25.530209,317.62,0.057525907,0.20405379,0.0071276226,0.13504408,0.0024013242,0.56,2.5571926,858.23596,0.964,2020-06-09 17:30:00,2020-06-09 10:44:28,10.0,2020-06-09 10:30:00,40.17710723,40.17710723,39.43877337910909,48.004343115596214,55.78275056432757,49.83564541701489,311.6958923,305.96786347126204,372.41995736613234,432.7652091167344,386.6272869691337,578.9,192.2180603,-0.0016,0.0633666666666666,22.43,993.0,0.079618677895,0.4043841366083324,0.1670277636960731,0.3385946862562295,0.0,0.157307813010069,0.082923377294172,135.4417,2020-06-09 17:44:28,US-Whs,2020-06-09 17:44:28,US-Whs,Walnut Gulch Lucky Hills Shrub,31.7438,-110.0522,1370.0,Bsk,OSH,17.6,320.0,10/1/18 07:00,1/1/24 06:30,80919,0.8,POINT (-110.0522 31.7438),1370.0,2020-06-09T17:44:28Z,317.62,44.47000000000003,25.530209,1050.8602,0.964,10929,1,12SWA,48.004343115596214,372.41995736613234,578.9,192.2180603,993.0,22.43,0.079618677895,314.7202796050358,39.070716101501226,0.8052246590431519,6/9/20,22.93772601,2,0.0,0.054943604,0.29844786,0.293384091,Walnut Gulch Lucky Hills Shrub,0.1397700717007342,0.3791938485295186,0.5383724796821573,0.0852152226652387,0.5664566367696335,70.34435464914428,50.52651235742663,9.5,5.417217831929673,0.0102152214273871,0.2823529411764706,0.0,161,10.396520000000002,31.7438,-110.0522,1.7643497762371818,0.0882657640750464,0.17504602319345,1.37,400,701.0906862612751,10.0,0.02,0.02,20.0,50.0,0.007,12.02,-8.0,650.0,4200.0,8.220379,17.87,0.2522,0.25,0.11,1190.3662,1050.8602,64.4798,449.3787,538.479,24.93351,0.0,424.4452,538.479,503.4372515088728,23.80400067735046,0.32707026343966317,0.057984089124793504,273.6947876290606,15.869942958874882,0.2112848659582984,,701.0906862612751,169.25459308123243,2.4098366262057898,161.4770653174035,149.3767761474225,0.9540483503446422,0.3067796370156859,117.95395603959861,1.6794212688436105,149.3767761474225,0.21379550864551783,113.68300049180648,0.9637913327268285,3.2837764764671893,0.02783947725640321,0.9871790713249348,0.008369190016768294,517.919139525967,0.22774589127476091,40.04172139804303,0.5701115996008489,149.3767761474225,149.3767761474225,78.99783871882082,78.99783871882082,472.7160713950317,1.1247664342222297,0.8431525946126492,2.537742525025122e-06,4.640122469053326e-05,0.054691283300176995
18,US-xAB,ENF,Csb,3.1356056,246.877,614.5148,405.50497,366.056640625,222.89023,494.8255,616.3975,0.8208227,0.45376268,21.54925,298.12,0.34244388,0.88154143,0.0009960786,0.096490495,0.0009960812,1.08,8.306056,792.7633,0.976,2021-06-16 22:00:00,2021-06-16 13:54:08,13.0,2021-06-16 14:00:00,257.874784548102,257.874784548102,238.4982899262984,315.23629849843775,494.0155466910346,282.9824659577338,351.988609282946,325.5404809533034,430.2847465230598,674.3111605450351,386.2595748493644,670.63,9.178,0.3890999999999999,0.29165,22.132050000000003,876.8,0.4416,0.0050869862385879,0.6578627752383811,0.9969456397860148,0.4005159008594292,0.3616014503627934,0.470059941396057,326.190985,2021-06-16 21:54:08,US-xAB,2021-06-16 21:54:08,US-xAB,NEON Abby Road (ABBY),45.7624,-122.3303,363.0,Csb,ENF,10.0,2450.59,10/1/18 08:00,12/1/22 00:00,16417,0.82,POINT (-122.3303 45.7624),363.0,2021-06-16T21:54:08Z,298.12,24.970000000000027,21.54925,912.77454,0.976,16704,4,10TER,315.23629849843775,430.2847465230598,670.63,9.178,876.8,22.132050000000003,0.4416,364.1184773945328,173.53241207032346,3.953703826562952,6/16/21,30.85080998,3,0.0,0.056120142,1.351548123,0.32589029,NEON Abby Road (ABBY),0.5659936774015306,0.8625376532807679,0.0016622462326137,0.0799999982118606,0.4099999964237213,63.0,63.0,9.500000000000002,5.0,0.0049999998882412,0.188235294117647,6.244725379160608,167,13.744646666666666,45.7624,-122.3303,0.4023836764744242,0.0198192772832981,0.1731762808498529,0.363,400,724.3933129479267,1.0,0.04,0.04,65.0,95.0,0.0032,8.31,-8.0,650.0,3000.0,11.940895,6.69,0.604,0.33,0.16,1108.458,912.77454,54.712124,403.54218,456.0761,35.988285,6.3121023,367.5539,449.764,694.3860377670719,252.9169177425037,3.45204559990319,0.40187618774247374,377.01681522712784,151.51408041828677,24.187828616029513,,724.3933129479267,469.0081916040695,6.081609284338053,362.5469294822492,33.32717095904927,0.7730076701694509,0.6786733759727706,367.9197272795247,4.770799464422119,33.32717095904927,0.5323943757693836,297.7110640010357,0.809173963577255,46.20263713906584,0.12557803703731188,24.006026139423135,0.06524799938543309,612.4487074441449,0.6007355763961324,317.2102995368502,4.11325247039507,33.32717095904927,33.32717095904927,342.56501340818744,342.56501340818744,348.50112858069,4.442025967408594,0.971980273449703,0.0002905200095071305,0.00012151472000042274,2.3908215359103804
153,US-Whs,OSH,Bsk,187.68272,187.72745,121.415726,53.09076,52.36722183227539,55.2981,360.1395,533.6515,0.14741722,0.3234532,26.34005,321.58,0.049417347,0.14918788,0.0007893209,0.1341079,0.00062441395,0.72,6.432079,877.41016,0.96,2021-04-24 19:30:00,2021-04-24 12:40:01,12.0,2021-04-24 12:30:00,24.36532346,24.36532346,26.347234489286347,30.96192976547375,37.59958754210967,30.222723937594807,342.9870503,370.88611837549365,435.84650042875376,529.283826038106,425.4408094521904,639.6,184.6150651,0.004900000002,0.0622666666706666,23.045,1087.0,0.1187649829499999,0.3516952917774989,0.0994858254872327,0.2275187570914726,0.3517791105243777,0.1036221204287816,0.0484082704275699,154.54922299999998,2021-04-24 19:40:01,US-Whs,2021-04-24 19:40:01,US-Whs,Walnut Gulch Lucky Hills Shrub,31.7438,-110.0522,1370.0,Bsk,OSH,17.6,320.0,10/1/18 07:00,1/1/24 06:30,80919,0.8,POINT (-110.0522 31.7438),1370.0,2021-04-24T19:40:01Z,321.58,48.43000000000001,26.34005,1095.6052,0.96,15877,12,12SWA,30.96192976547375,435.84650042875376,639.6,184.6150651,1087.0,23.045,0.1187649829499999,326.7755558630289,22.237223770779284,0.4267177713231312,4/24/21,19.68266059,2,0.0,0.070044292,0.623368622,0.306779538,Walnut Gulch Lucky Hills Shrub,0.1397700717007342,0.3791938485295186,0.5383724796821573,0.0852152226652387,0.5664566367696335,70.34435464914428,50.52651235742663,9.5,5.417217831929673,0.0102152214273871,0.2823529411764706,0.0,114,12.329853333333336,31.7438,-110.0522,2.2102165425732987,0.0883720861900537,0.1770213353820172,1.37,400,723.1427159350799,10.0,0.02,0.02,20.0,50.0,0.007,12.02,-8.0,650.0,4200.0,8.220379,17.87,0.2522,0.25,0.11,1239.8647,1095.6052,67.13231,470.58887,559.69775,28.125607,0.0,442.46326,559.69775,484.4696609177763,22.945546208280582,0.28282194521773285,0.05954499305162832,247.51851586175653,14.738488307137645,0.032509134478643203,,723.1427159350799,158.12403706580918,2.018498516130524,106.9399354184378,167.75694857208512,0.6763041053266986,0.2847102795172294,72.70767124179666,0.9281341991780337,167.75694857208512,0.1309138179521904,66.94090352091541,0.9206855669781627,4.882157701634965,0.06714776609195554,0.8846100192462831,0.012166666929881768,526.8496083263892,0.13800460338722212,18.14092334604955,0.23157407017124726,167.75694857208512,167.75694857208512,47.826608725038625,47.826608725038625,507.55915863795616,0.6054780721978833,0.7201916733236619,3.904672142229835e-07,2.7322817763638944e-05,0.014290883817357049
144,US-Whs,OSH,Bsk,76.52306,319.81766,109.26245,46.734135,64.52587890625,107.43634,284.18756,439.21628,0.1662948,0.31829616,23.056921,306.26,0.076855846,0.1605896,0.0007830022,0.117824264,0.0006717277,0.84,17.934893,677.08856,0.964,2021-02-20 20:30:00,2021-02-20 13:24:19,13.0,2021-02-20 13:30:00,16.08291522,16.08291522,17.3719822482998,20.7269011164371,24.50788124833022,19.949232670921493,276.3341798,298.48273154573565,356.1264323947827,421.0906524565472,342.7646525738792,520.8,139.3934773,0.0326,0.0730666666666666,22.18,852.0,0.12905838065,0.1742263743047047,0.1064034671028132,0.2487668489883845,0.72815529515436,0.2446091934479295,0.0397981972281818,92.892755,2021-02-20 20:24:19,US-Whs,2021-02-20 20:24:19,US-Whs,Walnut Gulch Lucky Hills Shrub,31.7438,-110.0522,1370.0,Bsk,OSH,17.6,320.0,10/1/18 07:00,1/1/24 06:30,80919,0.8,POINT (-110.0522 31.7438),1370.0,2021-02-20T20:24:19Z,306.26,33.110000000000014,23.056921,804.2399,0.964,14899,12,12SWA,20.7269011164371,356.1264323947827,520.8,139.3934773,852.0,22.18,0.12905838065,277.94035228781,15.10420471405622,0.2454997876455582,2/20/21,45.6078875,2,0.0,0.024113879,0.710158437,0.256668461,Walnut Gulch Lucky Hills Shrub,0.1397700717007342,0.3791938485295186,0.5383724796821573,0.0852152226652387,0.5664566367696335,70.34435464914428,50.52651235742663,9.5,5.417217831929673,0.0102152214273871,0.2823529411764706,0.0,51,13.063186666666669,31.7438,-110.0522,7.10613096967457,0.0763051328802102,0.1586626589421534,1.37,400,562.7590044646521,10.0,0.02,0.02,20.0,50.0,0.007,12.02,-8.0,650.0,4200.0,8.220379,17.87,0.2522,0.25,0.11,952.605,804.2399,48.066425,350.4335,407.74368,28.251804,0.0,322.1817,407.74368,457.47477589527034,38.20363898292965,0.3950642190611785,0.0995558211132352,244.1449699983072,24.306052958847648,1.5458247656261233,,562.7590044646521,198.7021748697313,2.038763992518221,180.98481150518865,86.9945361788387,0.9108345775472356,0.4176482022410338,61.591347837165586,0.6319519265624634,86.9945361788387,0.1294576454166074,57.16261359083903,0.9280948639403835,3.7414678004428654,0.06074664594667598,0.6872664458836908,0.01115849011294049,431.4734099773307,0.14274656656223972,18.990345567380633,0.19484856053355382,86.9945361788387,86.9945361788387,49.897493410047616,49.897493410047616,425.8669748757658,0.5135080728118209,0.7231940741845903,1.8566901259935363e-05,2.3331679016668993e-05,0.7957807599989053
297,US-Rls,CSH,Bsh,67.17051,87.145,240.18347,109.53425,193.6426696777344,66.373024,269.35226,395.89493,0.39902586,0.3319111,22.514418,305.5,0.1330961,0.32669374,0.008263426,0.09119321,0.0045916764,0.84,8.420147,601.0759,0.978,2021-05-29 23:00:00,2021-05-29 16:12:18,15.0,2021-05-29 16:00:00,164.352,164.352,173.79782301461944,222.09317279833817,318.3929027311877,224.90126280268925,217.476,229.97502529891565,293.8810288131047,421.3080152013226,297.5967863444171,462.8,28.20749581,0.1969999999999999,0.2546,17.22,749.3,0.26736803903,0.1696675175910941,0.2766750511303593,0.6066848848001161,0.2201215357822339,0.1676531295816291,0.4798901745858647,98.339625,2021-05-29 23:12:18,US-Rls,2021-05-29 23:12:18,US-Rls,RCEW Low Sagebrush,43.1439,-116.7356,1608.0,Bsh,CSH,8.4,333.0,10/1/18 07:00,10/1/22 07:00,53237,0.72,POINT (-116.7356 43.1439),1608.0,2021-05-29T23:12:18Z,305.5,32.35000000000002,22.514418,723.9026,0.978,16424,7,11TNH,222.09317279833817,293.8810288131047,462.8,28.20749581,749.3,17.22,0.26736803903,314.1268550472271,160.5306792592573,3.5118404361181206,5/29/21,47.5699369,2,0.036071803,0.059471566,0.821915645,0.361512805,RCEW Low Sagebrush,-0.0172163366902008,0.4867265894776473,0.0004189586710382,0.0900000035762786,0.7099999785423278,107.33151697790052,40.0,8.583390094440608,5.800000190734862,0.0149999996647238,0.2862745098039215,0.0,149,15.417626666666669,43.1439,-116.7356,3.0940756680948835,0.0406294772611988,0.1483088622486005,1.608,400,506.92185234486504,10.0,0.02,0.02,20.0,50.0,0.007,12.02,-8.0,650.0,4200.0,5.478052,0.0,0.2933,0.33,0.14,874.87573,723.9026,42.774868,313.53397,368.53806,48.172863,28.067194,265.3611,340.47086,410.5455517517635,81.31370927737575,1.4263422749734933,0.23397742421435833,278.6589953012318,65.1999139547432,8.488151332161893,,506.92185234486504,180.930345972193,3.1353959853095272,163.9394317091688,72.5632003583908,0.9060914067691246,0.41654596989086135,138.5558897850583,2.4010763823987147,72.5632003583908,0.31898959339567357,133.81374573777023,0.9657745040312284,2.959708931744546,0.02136111959106135,1.7824351155435085,0.012864376377710103,390.7397871549391,0.3545988771553409,90.11027804632093,1.5615479122832265,72.5632003583908,72.5632003583908,114.33308391568961,114.33308391568961,320.02556807078463,1.9813121473409705,0.6896685262534588,0.00010195118565059649,5.461785540317152e-05,1.8666274041341513
85,US-Me6,ENF,Csb,48.17411,98.16507,223.27704,88.97907,215.3259124755859,65.363075,135.82399,238.10452,0.65466106,0.49377793,10.702257,291.56,0.13093571,0.49217808,0.014643645,0.3,0.03,0.96,18.117374,509.26465,0.978,2021-10-18 21:00:00,2021-10-18 12:46:48,12.0,2021-10-18 13:00:00,21.84567,21.84567,17.244918487466848,26.411895672082156,36.08655028788545,26.50730733177127,302.01517,238.4100368003565,365.14298537999326,498.89454614618256,366.4620462566333,404.2,47.306736666666666,0.0598466666666666,0.07560666875,12.146165,600.56667,0.4853667,0.2023233746255635,0.3736975257756551,0.9377270116501778,0.4122772217847859,0.2745142133379072,0.0653436310541369,93.57207,2021-10-18 20:46:48,US-Me6,2021-10-18 20:46:48,US-Me6,Metolius Young Pine Burn,44.3233,-121.6078,998.0,Csb,ENF,7.59,494.0,10/1/18 08:00,12/31/22 08:00,56728,0.81,POINT (-121.6078 44.3233),998.0,2021-10-18T20:46:48Z,291.56,18.410000000000025,10.702257,635.9381,0.978,18630,2,10TFQ,26.411895672082156,365.14298537999326,404.2,47.306736666666666,600.56667,12.146165,0.4853667,209.88707521887932,15.53269871732472,0.2457942267632225,10/18/21,54.42318635,4,0.0,0.063211199,0.953879362,0.30758949,Metolius Young Pine Burn,0.2429099942186521,0.7695289404153574,0.0003239199591024,0.0799999982118606,0.4099999964237213,113.49030088098708,113.49030088098708,7.499999999999998,4.202784638455812,0.0094289735507361,0.2470588235294117,9.92549467075966,291,12.65948,44.3233,-121.6078,1.2800579582104423,0.1158661542805248,0.4776494661714538,0.998,400,318.60923227621777,8.0,0.08,0.08,25.0,45.0,0.0065,11.39,-8.0,650.0,3500.0,4.253108,0.0,0.4851,0.28,0.11,783.3721,635.9381,39.147785,280.24908,317.4302,37.463684,0.05590953,242.7854,317.3743,274.0727283169648,93.95299178608084,0.9321158117898628,0.413894738921324,142.3164852639937,58.904044512541134,8.738908183327199,,318.60923227621777,90.75615379909847,0.8327272158290081,40.752934735591545,33.280290518695736,0.44903770190398223,0.31807552798560745,123.30922871858623,1.131415848055371,33.280290518695736,0.4321651633341028,90.93677018357097,0.7374692967312689,25.593230230112393,0.20755324233290548,6.779228304902862,0.05497746093582563,202.77702980717189,0.608102549070008,85.14253372537837,0.78121980813235,33.280290518695736,33.280290518695736,92.35457279258966,92.35457279258966,192.97436896493238,0.8824215138094355,0.13390140491910515,0.00010496302618994297,3.7117049054518765e-05,2.827892541666493
131,US-Whs,OSH,Bsk,194.79584,0.0,115.91119,61.25794,96.341552734375,71.74848,265.6355,357.4862,0.230609,0.35143667,33.825867,320.62,0.06800921,0.19630824,0.002701373,0.1469054,0.0024867044,1.08,21.186083,600.9315,0.956,2020-06-17 22:30:00,2020-06-17 15:44:21,15.0,2020-06-17 15:30:00,44.33968109,44.33968109,43.50763227136386,52.509559049589896,62.25343494782448,54.99889805542778,331.6903821,325.4661020917814,392.80651725276056,465.6972065939908,411.4284330113974,496.3,74.17497341,0.0349,0.0776333333333333,32.480000000000004,843.0,0.10221176844,0.5449045026073733,0.1713574957578782,0.3242396209979574,0.0,0.2007027963596916,0.105802053293552,88.584565,2020-06-17 22:44:21,US-Whs,2020-06-17 22:44:21,US-Whs,Walnut Gulch Lucky Hills Shrub,31.7438,-110.0522,1370.0,Bsk,OSH,17.6,320.0,10/1/18 07:00,1/1/24 06:30,80919,0.8,POINT (-110.0522 31.7438),1370.0,2020-06-17T22:44:21Z,320.62,47.47000000000003,33.825867,748.69165,0.956,11056,9,12SWA,52.509559049589896,392.80651725276056,496.3,74.17497341,843.0,32.480000000000004,0.10221176844,348.60581040836536,43.36425521732344,0.8965570448830039,6/17/20,45.5939836,2,0.0,0.060607901,1.167725024,0.297141199,Walnut Gulch Lucky Hills Shrub,0.1397700717007342,0.3791938485295186,0.5383724796821573,0.0852152226652387,0.5664566367696335,70.34435464914428,50.52651235742663,9.5,5.417217831929673,0.0102152214273871,0.2823529411764706,0.0,169,15.396520000000002,31.7438,-110.0522,4.559395903320213,0.0953038762848482,0.2016055197069412,1.37,400,483.1856874593,10.0,0.02,0.02,20.0,50.0,0.007,12.02,-8.0,650.0,4200.0,8.220379,17.87,0.2522,0.25,0.11,903.20416,748.69165,44.803116,328.79398,376.50482,32.61684,0.0,296.17712,376.50482,314.70894105125797,7.811853125991815,0.14396876614003432,0.03150088962795316,221.05453443065133,6.9634144908585185,0.08377762895390187,,483.1856874593,191.09146402246574,3.6117715142866893,183.31790900211635,111.93141290874931,0.9593202393413267,0.5147185557763763,83.6120030468632,1.5803293590424796,111.93141290874931,0.2252149235132333,77.79241994053834,0.9303977551756166,4.510058247148525,0.053940320561638846,1.3095248591763395,0.01566192426274457,381.5079260419162,0.21916190291070586,23.356377670165617,0.441452997273119,111.93141290874931,111.93141290874931,53.484190358514404,53.484190358514404,317.7700841920363,1.0108911781577994,1.3613412645597167,1.0062531013653152e-06,3.175200813899524e-05,0.031691006658867565
149,US-Whs,OSH,Bsk,226.65837,178.11351,121.983055,55.959164,72.38429260253906,63.637756,362.60965,518.46655,0.15511149,0.32921776,29.333368,321.96,0.056544874,0.15361917,0.0007678553,0.1285626,0.0007427922,0.92,28.67883,881.2999,0.958,2021-04-04 19:00:00,2021-04-04 12:13:14,11.0,2021-04-04 12:00:00,33.01907076,33.01907076,36.035511177549935,40.91648053256248,47.05259100986425,40.95682381946054,313.6620843,342.3165244994999,388.68291174357455,446.9724140677017,389.0661496471466,594.2,197.5234774,0.025,0.0751999999999999,27.090000000000003,1010.0,0.10010668779,0.4371706718591585,0.1079320623480917,0.2352766152416197,0.3435390576306224,0.1227422598429927,0.0688597787488429,150.0482825,2021-04-04 19:13:14,US-Whs,2021-04-04 19:13:14,US-Whs,Walnut Gulch Lucky Hills Shrub,31.7438,-110.0522,1370.0,Bsk,OSH,17.6,320.0,10/1/18 07:00,1/1/24 06:30,80919,0.8,POINT (-110.0522 31.7438),1370.0,2021-04-04T19:13:14Z,321.96,48.81,29.333368,1026.7548,0.958,15566,3,12SWA,40.91648053256248,388.68291174357455,594.2,197.5234774,1010.0,27.090000000000003,0.10010668779,302.75391269371937,31.228529719115997,0.5711354512852107,4/4/21,26.39926805,2,0.0,0.097350736,0.719215738,0.284994799,Walnut Gulch Lucky Hills Shrub,0.1397700717007342,0.3791938485295186,0.5383724796821573,0.0852152226652387,0.5664566367696335,70.34435464914428,50.52651235742663,9.5,5.417217831929673,0.0102152214273871,0.2823529411764706,0.0,94,11.879853333333331,31.7438,-110.0522,0.5888798091868342,0.0846599400454968,0.1700774598705741,1.37,400,689.9222932955164,10.0,0.02,0.02,20.0,50.0,0.007,12.02,-8.0,650.0,4200.0,8.220379,17.87,0.2522,0.25,0.11,1192.6635,1026.7548,62.149128,442.28345,523.69916,41.214222,4.897587,401.0692,518.8016,468.2281463085643,19.098714319627447,0.22221872524891487,0.05093055836187105,238.5693425248151,12.150469822813301,0.030535367745104274,,689.9222932955164,189.82986619496356,2.3026495835198295,182.036864759339,159.9153418801869,0.9589474428242983,0.3581648612118054,75.60703217610202,0.9171186001504471,159.9153418801869,0.1426529066726411,69.48801346253406,0.9190681271642074,5.139153709798177,0.06797190105052911,0.9798650037697914,0.012959971785263494,520.8932885891095,0.14514879310672457,17.844356875404074,0.21645329974118976,159.9153418801869,159.9153418801869,47.352873247864736,47.352873247864736,482.6540781674647,0.569668662699681,0.8505128796732458,3.6676030198644744e-07,2.8362454474503696e-05,0.01293119050455048
